{
    "accuracy": 0.9475982532751092,
    "f1_score": 0.7777777777777779,
    "precision": 0.75,
    "recall": 0.8076923076923077
}