step	binary_logloss
0	0.30099675790745334
1	0.266784216383529
2	0.24247457208455847
3	0.22415878306477116
4	0.20997649501399734
5	0.1980193377959323
6	0.18696518600962195
7	0.1792123914870103
8	0.17218156451034713
9	0.16604482463896
